slug,monitoring_url,source_type,last_scraped_hash
syur-kyyiv,,,
tsehlynaart,,,
tssm-soviart,,,
zenyk-art-gallery-zag,,,
arthalereya-banderol,,,
arthalereya-madam-palmhren,,,
art-salon-veles,,,
arttsentr-dzyga,,,
tsentr-intelektualnoho-mystetstva-merkuriy,,,
mystetskyy-prostir-armigera-art,,,
iconart,,,
hofa-gallery-home-of-arts-lviv-lvivskyy-dim-mystetstv,,,
detenpyla-gallery,,,
shcherbenko-art-tsentr,,,
tovarystvo,,,
mystetskyy-prostir-inshyy-kut,,,
dim-zvuku-radioharazh,,,
mystetska-halereya-yuna,,,
kavyarnya-halereya-shtuka,,,
arttsentr-ya-halereya-pentkhaus,,,
zelena-kanapa,,,
arttsentr-ya-halereya-lviv,,,
sztuka-gallery,,,
berliner-strasse-gallery,,,
svitlo-gallery,,,
31artspace,,,
sth-gallery,,,
shum-art-gallery,,,
pm-gallery,,,
people-place-bar,,,
modul-tymchasovosti-mot,,,
jam-factory-art-center,,,
intellias-art-point,,,
tvorche-nezhyt,,,
artdom-ua,,,
hareleya-neotodresh,,,
uart-gallery,,,
steinbarg-gallery-cafe,,,
ho-tssm-bunker,,,
sklad-n5-gallery,,,
halereya-brama,,,
art-tsentr-maslo,,,
ho-tsentr-kulturnoho-rozvytku-totem,,,
smalta-art-gallery,https://www.instagram.com/smalta.artgallery/,instagram,
79-kut,,,
harazh-127,,,
tssm-yermilovtsentr-yermilov-centre,,,
voyt-art-gallery,,,
neformalna-halereya-korydor,,,
kreatyvnyy-klaster-na-poshti,,,
bureauart-ho-artdvir-na-voskresenskiy,,,
artprostir-pogrib,,,
art-prostir-na-teatralniy,,,
halereya-nasha,,,
halereya-yevropeyskoho-zhyvopysu-yevro-art,,,
jump-contemporary-art-center,,,
halereya-suchasnoho-mystetstva-art-prostir,,,
maritime-art-gallery-morska-khudozhnya-halereya-teper-binovska-gallery,,,
nesterenkogallery,,,
halereya-muza,,,
halereya-vikno,,,
halereya-artodessa-litnoho-teatru-miskoho-sadu,,,
halereya-dim-khudozhnykiv,,,
halereya-stiykosti,,,
kulturnyy-tsentr-halereya-union-httpswwwinstagramcomfreedomartua,,,
myph,,,
halereya-8-prychal,,,
platforma-my-art,,,
art-halereya-obraz,,,
mysternia-gallery,,,
zenko-gallery-art-space,,,
asortymentna-kimnata,,,
halereya-ramarnya-tsmok,,,
pidzemnyy-perekhid-vagabundo,,,
fortechna-halereya-bastion,,,
halereya-art-l,,,
gnatyuk-art-center,,,
artcraftoil,,,
halereya-artsvit-v-stinakh-dccc,,,
tsentr-suchasnoyi-kultury-kryvyy-rih,,,
tsentr-suchasnoyi-kultury-u-dnipri-dccc,,,
kulturnyy-prostir-pich,,,
kts-halereya-xxi-tsentr-suchasnoho-mystetstva-art-shyk,,,
mystetskyy-tsentr-montazh,,,
abramovych-art,,,
annco-gallery,,,
art-14,,,
art-ukraine-gallery-au-gallery,,,
artany-gallery,,,
artcult-gallery-partner-m17,,,
avangarden-gallery,,,
bereznitsky-art-foundation,,,
block-a-gallery,,,
blue-velvet-underground,,,
centerart-space-kyiv,,,
corpus-fine-art,,,
draft-gallery,,,
dymchuk-gallery,,,
eye-sea-gallery,,,
flowerbed-gallery,,,
forsa-gallery,https://www.artsy.net/partner/forsa-gallery,website,
galerie-les-noms,http://glesnoms.com,website,5cc20be45a8c513f857a7b88fc97ed03
gallery-83,,,
garage-33-gallery-shelter,,,
globus-gallery,,,
imagine-point-gallery,,,
karas-gallery,,,
kirisenko-art-gallery,,,
kosenko-art-gallery,,,
lart-gallery,,,
lera-litvinova-gallery,,,
m17-contemporary-art-center,,,
mironova-gallery,,,
mistrika-gallery,,,
newnow-gallery,,,
octo-galerie,,,
pavlovka-artgallery,,,
pinchukartcentre,,,
portal-11-art-gallery,,,
promotion-gallery,https://promotion.gallery/pages/about-us,website,
pyslar-art-gallery,,,
stedley-art-foundation-bilyy-prostir,,,
tauvers-gallery-international,,,
the-naked-room,,,
thesteinstudio,,,
toys-gallery,https://www.artsy.net/partner/toys-gallery,website,
tuzov-gallery,,,
ukrainka-gallery,,,
uniquewall-art-gallery,,,
unlimited-art-foundation,,,
vakulenko-art-consulting,,,
voitok-gallery,,,
voloshyn-gallery,https://voloshyngallery.art/,website,b8dd36b71874ef5f091cda9503c44648
white-world-tssm-bilyy-svit,,,
yoom,,,
art-halereya-manufaktura,,,
arthalereya-khudhraf,,,
art-prostir-set,,,
art-prostir-splav,,,
art-prostir-suchasnoyi-ukrayinskoyi-skulptury-sim-art-7,,,
art-tsentr-closer,,,
arttsentr-ya-halereya-kyyiv,,,
auktsionnyy-dim-arsani,,,
auktsionnyy-dim-goldens,,,
halereya-avs-art,,,
halereya-bez-nazvy,,,
halereya-kamera,,,
halereya-artfundatsiya-dukat,,,
halereya-tadzio,,,
halereya-ukrmakrovsesvit,,,
halereya-depot1259,,,
halereya-ornament-art-space,,,
halereya-kalytaartklub,,,
halereya-kuznya,,,
halereya-nyu-art,,,
halereya-ra,,,
halereya-suchasnoho-mystetstva-tryptykh-art,,,
ho-khlibzavod,,,
art-house-koss-koss-gallery,,,
gart-gallery,https://www.instagram.com/gart.gallery.23?igsh=dTUxdXVxM2JoejRw,instagram,
g-gallery,https://www.instagram.com/ggallery.nyc/,instagram,
julia-ilkiv-co-art-gallery,https://www.facebook.com/JuliaIlkivCoArtGallery,facebook,
kumf-gallery,https://kumfgallery.com/,website,
kyivgallery,https://kyiv.gallery/,website,f0fec6a1848b97ab8eb6751b9b080377
lane-gallery-london,https://www.instagram.com/lanegallerylondon/,instagram,
lysenko-gallery,https://nathalielysenko.com/,website,f184affa8fa2ddc11abb6a4e248a1a8a
mriya-gallery,https://www.instagram.com/mriya.gallery,instagram,
roman-sviridov-gallery,https://www.facebook.com/romansviridovgallery,facebook,
rukh-art-hub,https://www.rukharthub.com/,website,ef60f4c2c7573e41904a256aed225038
savchenko-gallery,https://savchenkogallery.com/,website,f6a3aeffd516a6e9a2674d288ae545bc
serpen-gallery,https://www.serpen.gallery,website,3569ca3d53169762d6d9ae6159b7c52a
snisarenko-gallery-ex-art-axcess-gallery,https://artaxcess.com/lia-snisarenko/,website,
test-gallery,https://testgallery.com/,website,
tsekh-gallery-cechas-vilnius,http://tsekh.com.ua/?page_uid=1468057470&page_lang_id=2,website,
velychko-gallery,https://velychko.gallery/,website,
zorya-fine-art,https://www.zoryafineart.com/,website,
n2n-gallery,https://n2nartgallery.com/,website,
gallery-101,,,
399-gallery,,,
